order_number,TotalPrice_num,outlier_TotalPrice_num
20345105926326341632,14989.55,-1
20345106758852284416,8650.06,-1
20345728940350132224,15061.53,-1
20346842214539255808,9213.0,-1
20347161586949206016,8476.0,-1
20347188331409649664,5810.0,-1
20347259318110236672,12720.0,-1
20347297164157820928,16000.0,-1
20347672037602869248,26110.38,-1
20348038317622087680,5866.8,-1
20348040087450488832,8000.0,-1
20348392531600801792,19700.0,-1
20348775243574489088,6504.24,-1
20348862320386215936,9922.0,-1
20349112679358009344,10192.8,-1
20349807163128582144,30000.0,-1
20349811609896239104,29964.03,-1
20349812761583640576,19216.53,-1
20349813705341091840,20000.0,-1
20349819832842506240,8297.07,-1
20351197716501766144,12321.0,-1
20351199824905338880,8600.0,-1
20351223208304824320,28749.0,-1
20351239372138418176,29899.78,-1
20351984948771356672,8991.0,-1
20351997308909711360,13268.4,-1
20352079344250896384,10000.0,-1
20352362760478830592,9200.0,-1
20352377883804467200,11500.0,-1
20352382568978489344,9311.73,-1
20352387447204069376,21000.0,-1
20352402527455154176,21445.0,-1
20353083263285653504,13650.0,-1
20353093267309506560,8990.0,-1
20353463223302234112,26618.26,-1
20353499251038416896,13300.0,-1
20353502296472367104,22000.0,-1
20353820075910934528,13182.0,-1
20353865254475169792,18772.23,-1
20353867484957728768,6042.25,-1
20354476800896839680,13500.0,-1
20354496888436125696,7200.0,-1
20354500396507537408,30000.0,-1
20354537876540424192,8080.0,-1
20354567514256666624,29999.86,-1
20354855954945617920,36994.32,-1
20355977926633910272,21750.0,-1
20355979683229499392,16532.88,-1
20355984969493016576,10380.0,-1
20356004964190199808,10051.0,-1
20356356943502745600,20000.0,-1
20356384429682995200,25500.0,-1
20356690113711923200,50694.81,-1
20356737416606613504,12513.0,-1
20357049987276693504,13250.0,-1
20357051435694149632,11022.5,-1
20357052301758283776,23104.0,-1
20357057284660195328,10000.0,-1
20357421241180332032,5376.0,-1
20358114264421552128,10527.5,-1
20358118111075065856,16752.0,-1
20358135368320348160,9617.5,-1
20358168787289800704,15582.71,-1
20358479053511213056,44760.0,-1
20358516059774365696,44554.97,-1
20358871438473605120,5500.0,-1
20358939587705798656,100000.0,-1
20360033641781014528,7053.6,-1
20360066382970503168,5321.39,-1
20360740743249088512,11850.0,-1
20361069301932081152,13800.24,-1
20362111401327628288,15469.74,-1
20362786157241978880,7626.87,-1
20362829591739850752,6269.07,-1
20362865560556765184,11793.0,-1
20362929863231213568,10000.0,-1
20362961784205684736,7441.04,-1
20363197949742751744,24201.98,-1
20363282306008223744,7864.0,-1
20363721041862651904,8400.0,-1
20363938419658125312,6177.53,-1
20363964205610041344,98873.18,-1
20364001761355083776,12793.7,-1
20364267116315705344,61909.65,-1
20364632093809266688,19645.0,-1
20364634320545333248,7157.88,-1
20364637058315636736,17171.3,-1
20364640540304896000,5912.75,-1
20364656360962023424,12458.39,-1
20364657632232833024,7500.0,-1
20364667564215345152,9827.5,-1
20364667697389166592,41272.57,-1
20364680751297675264,39310.0,-1
20364701045037219840,21200.0,-1
20364701297375666176,62235.0,-1
20364724193994436608,42000.0,-1
20365042707188948992,65134.63,-1
20365047375897612288,39199.95,-1
20365076226974867456,112865.35,-1
20365406420891213824,56306.59,-1
20367145439573807104,20000.0,-1
20367151922365587456,35000.0,-1
20367158360491732992,10392.5,-1
20367514713284243456,5500.0,-1
20367528806603866112,27934.5,-1
20367650509029122048,35000.0,-1
20367881370181443584,12429.2,-1
20367937695220760576,12200.0,-1
20367953941501370368,20000.0,-1
20367984456403939328,13680.0,-1
20367984614036893696,40000.0,-1
20368240549218537472,20055.0,-1
20368241466517942272,5414.85,-1
20368262850484940800,19653.9,-1
20368291688020643840,5500.0,-1
20368618276025905152,9892.5,-1
20368665602108362752,6985.0,-1
20369097424162721792,14000.0,-1
20369411428054560768,8384.0,-1
20369657985448964096,8402.1,-1
20369689399436410880,55000.0,-1
20369713402231955456,10000.0,-1
20369750699375067136,10969.4,-1
20369750794957807616,52750.0,-1
20369770689210363904,6200.0,-1
20369775796493860864,7300.0,-1
20369808447406129152,12705.0,-1
20369833451286552576,6776.0,-1
20370472491658280960,12389.0,-1
20370521987779465216,6500.0,-1
20370820702689566720,8400.0,-1
20370825699530440704,12594.0,-1
20370833334900236288,6500.0,-1
20370834818547658752,38114.05,-1
20370892362407530496,25200.0,-1
20370903452207329280,6300.0,-1
20370942430527062016,13000.0,-1
20371136149951676416,10928.78,-1
20371138615026589696,7034.3,-1
20371190676564369408,12700.0,-1
20371199090677866496,10000.0,-1
20371212690276921344,7210.8,-1
20371240550026117120,11500.0,-1
20371517374711451648,7000.0,-1
20371521467415285760,5400.0,-1
20371539013001428992,117063.4,-1
20372329933060063232,42230.0,-1
20372620777902546944,13000.0,-1
20372621957573087232,13000.0,-1
20372627887647997952,10000.0,-1
20372680860966903808,21000.0,-1
20373013095823450112,9030.0,-1
20374111766374715392,24306.0,-1
20374628694219014144,19271.55,-1
20374814041508839424,50580.0,-1
20374904764036898816,7639.2,-1
20375505484816879616,21673.19,-1
20375542450821988352,40000.0,-1
20375547056047898624,11310.0,-1
20375555869508300800,17000.0,-1
20375604639709175808,80500.0,-1
20375863417402519552,8547.61,-1
20375881829908676608,13003.71,-1
20375937523090501632,41812.8,-1
20375939681391116288,41728.5,-1
20376046270610145280,5688.47,-1
20376219389023879168,43999.79,-1
20376265694879760384,35219.6,-1
20376270911885156352,6213.6,-1
20376281068972740608,12000.0,-1
20376329392258535424,18600.0,-1
20376343338223292416,76002.0,-1
20376347493395726336,22597.24,-1
20376585272202924032,21000.0,-1
20376602793997582336,17323.2,-1
20376627834310434816,75510.0,-1
20376646189142298624,10250.0,-1
20377347338483204096,19998.31,-1
20377388776340254720,43052.8,-1
20377391227007627264,13057.2,-1
20377417156526460928,27863.07,-1
20377424033280651264,13063.4,-1
20377722230103588864,19775.0,-1
20377745604084097024,5402.81,-1
20377748288740970496,12685.0,-1
20377753007631015936,6865.22,-1
20378102667876933632,20826.51,-1
20378788042593435648,10263.34,-1
20379094280655556608,8064.89,-1
20380123041698889728,11617.28,-1
20386354103498895360,10300.0,-1
20387528377503993856,12000.0,-1
20388112696750645248,6876.8,-1
20388522200204054528,29070.0,-1
20388561545855356928,16200.0,-1
20388569905222848512,12936.73,-1
20388571356393713664,16774.74,-1
20391157234842660864,43000.0,-1
20400457349514489856,7000.0,-1
20401032027700391936,15363.6,-1
20401226395565858816,7000.0,-1
20401229194140397568,7000.0,-1
20401264123179732992,15000.0,-1
20401341595681902592,7299.77,-1
20401618073291898880,5850.0,-1
20401623857122877440,24661.78,-1
20401669028945539072,16150.0,-1
20401684761181634560,8310.41,-1
20401945559062351872,34894.0,-1
20401952029294563328,11162.0,-1
20401965486903472128,12950.0,-1
20402026727718535168,24000.0,-1
20402055199551991808,15624.0,-1
20402263045495873536,6522.88,-1
20402773311981731840,28500.0,-1
20402781242386509824,30000.0,-1
20403002050980073472,36000.0,-1
20403357072083333120,15242.0,-1
20403875461958520832,7000.0,-1
20404141391992377344,39000.0,-1
20404185865020645376,37500.0,-1
20404189163721736192,39600.0,-1
20404545783770177536,9350.0,-1
20405289982262648832,14190.0,-1
20407010706762731520,9000.0,-1
20409288627922808832,29000.0,-1
20410807684532338688,23925.0,-1
20411046016430055424,15000.0,-1
20411510072957022208,13000.0,-1
20411755031091929088,10000.0,-1
20411759122233561088,31960.0,-1
20411774645130014720,39600.0,-1
20411778354383360000,31000.0,-1
20411800817989246976,8700.0,-1
20411805029213720576,5300.0,-1
20411869445630877696,7760.0,-1
20412853304588169216,12000.0,-1
20413627557609914368,33725.0,-1
20413642121603522560,16405.37,-1
20413649170832392192,10000.0,-1
20413701428419870720,35571.0,-1
20414010082970787840,25000.0,-1
20415864601144709120,12000.0,-1
20424884992483303424,9400.0,-1
20427057865112690688,19700.0,-1
20428842927941382144,15000.0,-1
20428903132189155328,16752.0,-1
20429146362129301504,16000.0,-1
20430006576377741312,10.62,-1
20430364648460185600,10.49,-1
20431393247680987136,7800.0,-1
20431446521155420160,8000.0,-1
20432823130635173888,11.6,-1
20433955759687487488,8100.0,-1
20448401977919430656,19835.0,-1
20448876463578247168,45795.55,-1
20449021329539850240,15989.5,-1
20449027509357826048,19825.0,-1
20468932613337104384,10529.55,-1
20468932785394257920,7431.32,-1
20469363395553542144,18000.0,-1
20469435192471441408,11880.0,-1
20469678726462906368,20592.05,-1
20470090136420937728,6460.0,-1
20470377705956327424,8163.54,-1
20475540002952761344,38420.85,-1
20475560924033167360,9396.8,-1
20475563920040202240,24289.05,-1
20475607316432723968,25241.86,-1
20475608674991386624,12160.0,-1
20475888911092359168,33625.41,-1
20477386140269436928,11522.5,-1
20477395486043086848,8506.8,-1
20477429254368481280,16140.8,-1
20480918594859380736,33306.0,-1
20482035716274589696,80000.0,-1
20482166883586736128,60000.0,-1
20482486784297811968,80750.0,-1
20483812581715316736,12240.0,-1
20483876098718666752,25252.0,-1
20483897969407549440,9544.4,-1
20484658675522686976,8570.0,-1
20485026044455661568,19365.0,-1
20485311470520713216,12500.0,-1
20485631934323728384,7402.5,-1
20485770452117118976,5543.44,-1
20486441812064940032,26968.5,-1
20486441812064940032,26968.5,-1
20486715737391710208,14086.2,-1
20487140279545942016,20000.0,-1
20488907495528476672,20750.0,-1
20490018500926976000,7000.0,-1
20490044636803653632,6087.0,-1
20490059053403578368,15000.0,-1
20495853478703329280,10000.0,-1
20499456036513845248,5552.58,-1
20519350634702200832,8016.0,-1
20522624939189755904,7000.0,-1
20522669984985698304,6700.0,-1
20535968360358518784,5548.0,-1
20536395144583614464,6979.0,-1
20546165603077062656,5963.76,-1
20552467857626853376,5500.0,-1
20553024812152868864,5900.0,-1
20560366025152364544,8200.0,-1
20561769929209634816,16700.0,-1
20561806255573327872,23630.0,-1
20561873172121300992,23708.0,-1
20561873583722061824,12500.0,-1
20562583494813614080,20541.0,-1
20562621427966509056,20000.0,-1
20562849523265744896,8000.0,-1
20562858016884482048,21783.0,-1
20562984537243303936,7299.48,-1
20563000619875024896,6600.0,-1
20563308764942856192,10500.0,-1
20563309113466466304,8350.0,-1
20563324381787877376,62310.0,-1
20563359596251971584,15000.0,-1
20563524075160633344,21000.0,-1
20563570666970169344,12000.0,-1
20563588571356282880,23050.0,-1
20563705728523104256,6000.0,-1
20563885929314275328,10550.0,-1
20563897382164234240,8000.0,-1
20564024839183327232,18840.0,-1
20564260670946897920,20000.0,-1
20564317771645882368,70000.0,-1
20564321839840460800,45000.0,-1
20564373179681345536,7159.0,-1
20564404727651479552,7000.0,-1
20564659356405919744,9450.0,-1
20564984815897473024,8000.0,-1
20565096096220938240,10500.0,-1
20565371070165733376,7501.89,-1
20565723661124657152,6500.0,-1
20565732177969156096,29190.0,-1
20565834649232424960,20463.3,-1
20565872011186425856,20000.0,-1
20566080165228961792,8000.0,-1
20566122154578866176,6450.0,-1
20566165267542396928,7000.0,-1
20566194263071916032,7000.0,-1
20566201253361901568,18630.0,-1
20566460510642388992,123080.0,-1
20566470265963307008,8200.0,-1
20566486561297092608,8000.0,-1
20566520922276757504,40000.0,-1
20567288672786812928,12650.0,-1
20567349258270769152,50112.4,-1
20567610387783938048,8250.0,-1
20567679303800602624,14727.44,-1
20567696871228002304,18000.0,-1
20567895571217625088,8000.0,-1
20568265589899526144,34185.3,-1
20568299589983891456,8500.0,-1
20568310429551837184,10558.8,-1
20568345579434164224,73072.22,-1
20568349353863307264,179958.36,-1
20568378953909964800,6400.0,-1
20568635030469955584,12905.2,-1
20568661965756592128,8380.0,-1
20568675728547962880,71095.92,-1
20568726443718492160,42132.58,-1
20568757286146318336,28470.0,-1
20568984804869189632,18000.0,-1
20569026264840613888,6100.0,-1
20569045795042136064,16600.0,-1
20570131839402221568,8200.0,-1
20570183673663467520,24264.8,-1
20570194841336168448,20000.0,-1
20570199466088644608,24264.8,-1
20570842749295706112,9027.0,-1
20570845888708976640,26099.84,-1
20570864032590860288,31000.0,-1
20570875784566538240,10050.0,-1
20571276386280120320,20000.0,-1
20571963824208666624,25000.0,-1
20572238048635863040,18611.0,-1
20580700844509708288,8290.99,-1
20582807776671973376,8028.6,-1
20585750804818989056,6300.0,-1
20596490338033180672,6315.69,-1
20596515098792009728,6537.44,-1
20597314321867317248,8000.0,-1
20597372106275422208,7502.29,-1
20598325729258184704,8199.99,-1
20598667714440318976,7074.99,-1
20599027417062674432,7000.0,-1
20599542858004160512,7000.0,-1
20600935993760817152,8709.99,-1
20601253626104590336,7465.99,-1
20601604656356839424,5744.99,-1
20602829729257574400,5495.99,-1
20606790581783846912,7597.14,-1
20619425650787377152,6279.87,-1
20621207855925313536,8420.0,-1
20626229224687116288,7000.0,-1
22644732053966282752,6156.99,-1
22644783718596206592,5507.04,-1
22666501243178758144,9000.0,-1
22675573569032212480,5416.32,-1
22677030343026483200,5781.0,-1
22681761990531899392,5952.0,-1
22697270230271295488,8482.0,-1
22699846707939917824,7575.0,-1
22708125925598035968,5336.0,-1
22730686829152612352,9038.25,-1
22732808472440012800,67766.0,-1
22732860665866248192,8597.5,-1
22732890476853297152,22600.0,-1
22732896068629172224,67000.0,-1
22732897492049469440,22622.4,-1
22732900063606804480,9300.0,-1
22732935035812888576,54490.0,-1
22732938833564635136,54490.0,-1
22733149761634054144,22000.0,-1
22733178470645608448,22625.0,-1
22733193979857399808,22700.0,-1
22733234886669430784,20000.0,-1
22733238559757152256,20000.0,-1
22733240108545847296,10000.0,-1
22733246422190215168,39143.51,-1
22733279793538990080,36706.59,-1
22733534762477551616,38018.55,-1
22733536178782904320,24752.25,-1
22733542514399932416,27047.25,-1
22733552099021737984,27002.25,-1
22733560251292319744,9000.0,-1
22733905211318423552,20650.0,-1
22733967071041576960,22000.0,-1
22733968146610663424,53942.24,-1
22733972130919710720,8992.24,-1
22734982846937124864,8000.0,-1
22735024941086441472,20300.0,-1
22735029446026403840,5900.0,-1
22735033929906892800,5270.93,-1
22735035471654580224,13219.0,-1
22735036279037984768,52957.13,-1
22735062069052903424,20228.68,-1
22735064359687528448,8980.0,-1
22735070325129371648,31257.23,-1
22735374358603726848,8932.23,-1
22735392614628208640,51310.72,-1
22735758837941932032,32000.0,-1
22736098803008827392,15057.41,-1
22736137575085133824,27019.11,-1
22736158591586369536,54287.46,-1
22736195874837549056,9000.0,-1
22736530479137005568,20510.88,-1
22736776542898442240,11381.44,-1
22736821418440278016,40000.0,-1
22736848318559186944,46913.0,-1
22737505280273113088,10.09,-1
22737506490233348096,10.0,-1
22737575253312421888,20600.0,-1
22737581996129665024,15404.26,-1
22737866543734353920,63000.0,-1
22737928260613337088,17643.0,-1
22737990756499271680,53266.56,-1
22738022671819735040,33512.23,-1
22739337386058862592,21500.05,-1
22739356743183044608,20000.0,-1
22739793917313445888,38355.86,-1
22740039482666655744,20000.0,-1
22740088014159880192,20000.0,-1
22740092575047491584,8000.0,-1
22740123898247979008,22200.0,-1
22740157631734845440,21575.75,-1
22740424116908728320,18000.0,-1
22740454576122441728,30864.0,-1
22740504219230724096,53746.98,-1
22740520583170482176,21721.57,-1
22740525522223976448,53674.92,-1
22740770596435959808,22462.07,-1
22740831039864479744,10000.0,-1
22740833221171339264,72000.0,-1
22740834588999974912,20000.0,-1
22740850860418625536,8000.0,-1
22740890616223477760,54000.0,-1
22741158174143524864,20000.0,-1
22741164969577009152,13000.0,-1
22741187182733996032,98012.22,-1
22741192461939666944,37869.72,-1
22741192722414333952,22319.55,-1
22741520011504873472,146447.48,-1
22741532552452714496,22163.88,-1
22741533924686995456,15825.48,-1
22741534171018842112,18905.0,-1
22741536765826019328,54723.0,-1
22741594405993172992,22900.0,-1
22741608191930531840,43000.0,-1
22741647846351953920,6112.68,-1
22742213918599368704,36768.19,-1
22742224703159652352,42964.69,-1
22742288643753369600,32431.0,-1
22742290360263159808,16125.15,-1
22742292959850258432,7833.77,-1
22742295935351390208,15764.0,-1
22742328590225170432,18028.57,-1
22742603617273241600,9700.0,-1
22742616974924316672,22550.0,-1
22742629295483953152,23293.81,-1
22742634672387964928,12300.0,-1
22742662193428049920,10230.12,-1
22742675281997594624,55883.3,-1
22743005514941874176,112510.8,-1
22743020164136521728,30539.34,-1
22743031953017131008,28660.14,-1
22743035924983840768,37633.32,-1
22743322810237067264,26210.34,-1
22743323446339567616,53962.74,-1
22743343870953381888,15980.0,-1
22743357730254188544,5531.0,-1
22743361144795107328,18815.94,-1
22743395293594177536,21700.0,-1
22743420379175059456,37841.6,-1
22743425237461987328,37649.35,-1
22743426147263455232,37602.35,-1
22743440761458749440,36982.77,-1
22743445216104517632,93500.0,-1
22743447762548674560,37545.21,-1
22743455617342627840,20250.18,-1
22743457064393949184,37545.21,-1
22743682215051530240,38000.0,-1
22743771864750034944,11702.34,-1
22744460618247012352,66000.0,-1
22744871781465427968,21307.6,-1
22744871884745375744,12426.48,-1
22744878424677507072,21310.0,-1
22745236028692959232,23186.0,-1
22745244723138101248,22000.0,-1
22745246109872164864,23419.07,-1
22745247655271518208,11000.0,-1
22745556765761134592,6524.92,-1
22751704941828112384,59000.0,-1
22752810916529160192,22002.2,-1
22754685234327633920,8000.0,-1
22755377018382155776,8000.0,-1
22755392684469256192,36000.0,-1
22755675554952413184,43473.0,-1
22756047120896212992,43153.0,-1
22756054862767558656,43153.0,-1
22756451434868699136,12687.0,-1
22756797414002675712,56046.0,-1
22757119414623449088,10777.15,-1
22757138827379519488,7150.0,-1
22757214111541055488,25000.0,-1
22757627567282900992,41963.79,-1
22757809841429921792,21000.0,-1
22757843445586300928,7809.12,-1
22757877436161388544,8854.41,-1
22757912800833409024,28500.0,-1
22757985425596252160,5425.22,-1
22759269426123337728,11077.67,-1
22759274729632194560,21472.14,-1
22759698145163026432,8652.16,-1
22759729651780009984,17450.0,-1
22761106487841640448,10310.0,-1
22761109148345466880,65000.0,-1
